<code_scheme name="Default" version="173">
  <DBN-PSQL>
    <case-options enabled="false">
      <option name="KEYWORD_CASE" value="lower" />
      <option name="FUNCTION_CASE" value="lower" />
      <option name="PARAMETER_CASE" value="lower" />
      <option name="DATATYPE_CASE" value="lower" />
      <option name="OBJECT_CASE" value="preserve" />
    </case-options>
    <formatting-settings enabled="false" />
  </DBN-PSQL>
  <DBN-SQL>
    <case-options enabled="false">
      <option name="KEYWORD_CASE" value="lower" />
      <option name="FUNCTION_CASE" value="lower" />
      <option name="PARAMETER_CASE" value="lower" />
      <option name="DATATYPE_CASE" value="lower" />
      <option name="OBJECT_CASE" value="preserve" />
    </case-options>
    <formatting-settings enabled="false">
      <option name="STATEMENT_SPACING" value="one_line" />
      <option name="CLAUSE_CHOP_DOWN" value="chop_down_if_statement_long" />
      <option name="ITERATION_ELEMENTS_WRAPPING" value="chop_down_if_not_single" />
    </formatting-settings>
  </DBN-SQL>
  <codeStyleSettings language="Scala">
    <option name="ALIGN_MULTILINE_PARAMETERS" value="false" />
    <indentOptions>
      <option name="CONTINUATION_INDENT_SIZE" value="4" />
    </indentOptions>
  </codeStyleSettings>
</code_scheme>