<application>
  <component name="EditorSettings">
    <option name="languageBreadcrumbsMap">
      <map>
        <entry key="JAVA" value="true" />
      </map>
    </option>
    <option name="USE_SOFT_WRAPS" value="MAIN_EDITOR:CONSOLE" />
    <option name="SHOW_BREADCRUMBS_ABOVE" value="true" />
    <option name="IS_WHEEL_FONTCHANGE_ENABLED" value="true" />
  </component>
  <component name="SqlEditorOptions">
    <option name="concatenateStringsOnEnter" value="true" />
    <option name="qualificationType" value="On collisions" />
  </component>
</application>