<application>
  <component name="GeneralSettings">
    <option name="searchInBackground" value="true" />
  </component>
  <component name="Registry">
    <entry key="ide.firstStartup" value="false" />
    <entry key="SBT.system.in.process" value="true" />
    <entry key="search.everywhere.settings" value="true" />
    <entry key="documentation.show.toolbar" value="true" />
    <entry key="BSP.experimental.feature.enabled" value="false" />
    <entry key="BSP.system.in.process" value="true" />
  </component>
</application>