<application>
  <component name="ProjectManager">
    <defaultProject>
      <component name="Encoding" addBOMForNewFiles="with NO BOM">
        <file url="PROJECT" charset="UTF-8" />
      </component>
      <component name="GradleLocalSettings">
        <option name="modificationStamps">
          <map>
            <entry key="$USER_HOME$/ideaProjects/embulk-filter-test_filter" value="1490610600000" />
            <entry key="$USER_HOME$/ideaProjects/embulk-plugin-scala-template/embulk-filter-template" value="1492761300000" />
            <entry key="$USER_HOME$/ideaProjects/embulk-plugin-scala-template/embulk-input-template" value="1490668137000" />
            <entry key="$USER_HOME$/ideaProjects/embulk-plugins" value="2990268947000" />
            <entry key="$USER_HOME$/ideaProjects/embulk-plugins/embulk-filter-cipher" value="1494318063000" />
            <entry key="$USER_HOME$/ideaProjects/line-bot/rietion-line-bot" value="1492995523000" />
            <entry key="$USER_HOME$/ideaProjects/read-code/digdag" value="2997073956000" />
            <entry key="$USER_HOME$/ideaProjects/read-code/embulk" value="2985130583000" />
            <entry key="$USER_HOME$/ideaProjects/read-code/embulk-filter-encrypt" value="1492581128000" />
            <entry key="$USER_HOME$/ideaProjects/read-code/embulk-filter-hash" value="1492511227000" />
            <entry key="$USER_HOME$/ideaProjects/read-code/embulk-filter-row" value="2989686508000" />
            <entry key="$USER_HOME$/ideaProjects/read-code/embulk-filter-testda" value="1492512351000" />
            <entry key="$USER_HOME$/ideaProjects/read-code/embulk-output-aerospike" value="1493713412000" />
            <entry key="$USER_HOME$/ideaProjects/read-code/td-client-sample" value="2993486787000" />
          </map>
        </option>
        <option name="projectSyncType">
          <map>
            <entry key="$USER_HOME$/Downloads/koichiro_matsuoka-architecture-training-a0f24694aa11" value="PREVIEW" />
            <entry key="$USER_HOME$/ideaProjects/malib" value="PREVIEW" />
          </map>
        </option>
      </component>
      <component name="ProjectRootManager" version="2" languageLevel="JDK_1_6" />
      <component name="PropertiesComponent">
        <property name="nodejs_interpreter_path.stuck_in_default_project" value="$USER_HOME$/.nodenv/shims/node" />
        <property name="nodejs_npm_path_reset_for_default_project" value="true" />
        <property name="project.structure.last.edited" value="Libraries" />
        <property name="project.structure.proportion" value="0.0" />
        <property name="project.structure.side.proportion" value="0.2" />
        <property name="settings.editor.selected.configurable" value="project.propVCSSupport.Mappings" />
      </component>
      <component name="RunManager">
        <configuration default="true" type="Applet" factoryName="Applet">
          <option name="POLICY_FILE" value="$APPLICATION_HOME_DIR$/bin/appletviewer.policy" />
        </configuration>
        <configuration default="true" type="Application" factoryName="Application">
          <option name="WORKING_DIRECTORY" value="$PROJECT_DIR$" />
        </configuration>
        <configuration default="true" type="JUnit" factoryName="JUnit">
          <option name="ALTERNATIVE_JRE_PATH_ENABLED" value="false" />
          <option name="ALTERNATIVE_JRE_PATH" />
          <option name="PACKAGE_NAME" />
          <option name="MAIN_CLASS_NAME" />
          <option name="METHOD_NAME" />
          <option name="TEST_OBJECT" value="class" />
          <option name="VM_PARAMETERS" value="-ea" />
          <option name="PARAMETERS" />
          <option name="WORKING_DIRECTORY" value="$MODULE_DIR$" />
          <option name="PASS_PARENT_ENVS" value="true" />
          <option name="TEST_SEARCH_SCOPE">
            <value defaultName="singleModule" />
          </option>
          <patterns />
        </configuration>
        <configuration default="true" type="TestNG" factoryName="TestNG">
          <option name="ALTERNATIVE_JRE_PATH_ENABLED" value="false" />
          <option name="ALTERNATIVE_JRE_PATH" />
          <option name="SUITE_NAME" />
          <option name="PACKAGE_NAME" />
          <option name="MAIN_CLASS_NAME" />
          <option name="METHOD_NAME" />
          <option name="GROUP_NAME" />
          <option name="TEST_OBJECT" value="CLASS" />
          <option name="VM_PARAMETERS" value="-ea" />
          <option name="PARAMETERS" />
          <option name="WORKING_DIRECTORY" value="$MODULE_DIR$" />
          <option name="OUTPUT_DIRECTORY" />
          <option name="PASS_PARENT_ENVS" value="true" />
          <option name="TEST_SEARCH_SCOPE">
            <value defaultName="singleModule" />
          </option>
          <option name="USE_DEFAULT_REPORTERS" value="false" />
          <option name="PROPERTIES_FILE" />
          <properties />
          <listeners />
        </configuration>
        <configuration default="true" type="Remote" factoryName="Remote">
          <option name="USE_SOCKET_TRANSPORT" value="true" />
          <option name="SERVER_MODE" value="false" />
          <option name="SHMEM_ADDRESS" value="javadebug" />
          <option name="HOST" value="localhost" />
          <option name="PORT" value="5005" />
        </configuration>
        <configuration default="true" type="#org.jetbrains.idea.devkit.run.PluginConfigurationType" factoryName="Plugin">
          <module name="" />
          <option name="VM_PARAMETERS" value="-Xmx512m -Xms256m -XX:MaxPermSize=250m -ea" />
          <option name="PROGRAM_PARAMETERS" />
          <predefined_log_file id="idea.log" enabled="true" />
        </configuration>
      </component>
      <component name="SbtLocalSettings">
        <option name="modificationStamps">
          <map>
            <entry key="$USER_HOME$/Downloads/play-scala-starter-example" value="1496424284000" />
            <entry key="$USER_HOME$/ideaProjects/hydra" value="2943095013000" />
            <entry key="$USER_HOME$/troll2" value="1449545211000" />
          </map>
        </option>
        <option name="projectSyncType">
          <map>
            <entry key="$USER_HOME$/ideaProjects/akka-custom-graphstage" value="PREVIEW" />
            <entry key="$USER_HOME$/ideaProjects/akka-ddd-cqrs-es-example" value="PREVIEW" />
            <entry key="$USER_HOME$/ideaProjects/akka-stream-bench" value="PREVIEW" />
            <entry key="$USER_HOME$/ideaProjects/akka-stream-practices" value="PREVIEW" />
            <entry key="$USER_HOME$/ideaProjects/blade-rtb-api" value="PREVIEW" />
            <entry key="$USER_HOME$/ideaProjects/blade-rtb-ri" value="PREVIEW" />
            <entry key="$USER_HOME$/ideaProjects/ddd-leaven-akka" value="PREVIEW" />
            <entry key="$USER_HOME$/ideaProjects/ddd-leaven-akka-v2" value="PREVIEW" />
            <entry key="$USER_HOME$/ideaProjects/malib-scala" value="PREVIEW" />
            <entry key="$USER_HOME$/ideaProjects/public-site-access-log-stream" value="PREVIEW" />
            <entry key="$USER_HOME$/ideaProjects/scala-apps" value="PREVIEW" />
            <entry key="$USER_HOME$/ideaProjects/site-access-log-stream" value="PREVIEW" />
            <entry key="$USER_HOME$/ideaProjects/titan" value="PREVIEW" />
            <entry key="$USER_HOME$/ideaProjects/track-log-stream" value="PREVIEW" />
            <entry key="$USER_HOME$/ideaProjects/universe-track-log-stream" value="PREVIEW" />
          </map>
        </option>
      </component>
      <component name="ScalaSbtSettings">
        <option name="customVMPath" />
      </component>
      <component name="masterDetails">
        <states>
          <state key="GlobalLibrariesConfigurable.UI">
            <settings>
              <last-edited>bundle (v0.0.1, rbenv: 2.1.2) [gem]</last-edited>
              <splitter-proportions>
                <option name="proportions">
                  <list>
                    <option value="0.2" />
                  </list>
                </option>
              </splitter-proportions>
            </settings>
          </state>
          <state key="JdkListConfigurable.UI">
            <settings>
              <last-edited>1.7</last-edited>
              <splitter-proportions>
                <option name="proportions">
                  <list>
                    <option value="0.2" />
                  </list>
                </option>
              </splitter-proportions>
            </settings>
          </state>
          <state key="ProjectJDKs.UI">
            <settings>
              <last-edited>1.7</last-edited>
              <splitter-proportions>
                <option name="proportions">
                  <list>
                    <option value="0.2" />
                  </list>
                </option>
              </splitter-proportions>
            </settings>
          </state>
          <state key="ProjectLibrariesConfigurable.UI">
            <settings>
              <splitter-proportions>
                <option name="proportions">
                  <list>
                    <option value="0.2" />
                  </list>
                </option>
              </splitter-proportions>
            </settings>
          </state>
        </states>
      </component>
    </defaultProject>
  </component>
</application>